Customer Id,Claim
H11920,0.086888775
H11921,0.086888775
H9805,0.14845635
H7493,0.16813482
H7494,0.14836273
H10545,0.3681604
H8962,0.07795347
H1015,0.20206355
H9710,0.2056177
H9029,0.2056177
H11274,0.115602404
H10785,0.09960039
H10786,0.09960039
H882,0.09960039
H10742,0.09073053
H12485,0.27781585
H10972,0.23732235
H10974,0.21242735
H10975,0.120877884
H10925,0.41249406
H11877,0.15098101
H8645,0.11812459
H10692,0.34406278
H10877,0.14845635
H10905,0.5923546
H10906,0.5923546
H11124,0.2420911
H11125,0.2420911
H11242,0.5076538
H11281,0.5076538
H11550,0.5923546
H12562,0.3681604
H12563,0.3681604
H7507,0.42911777
H7646,0.40150854
H8315,0.10293497
H8494,0.20206355
H8526,0.20206355
H8534,0.437679
H8535,0.40646207
H8536,0.2420911
H8537,0.39215553
H8538,0.3589046
H8539,0.3699102
H8540,0.23463309
H8544,0.22324948
H8545,0.09960039
H8546,0.23463309
H8547,0.21683812
H8548,0.120877884
H8550,0.120877884
H8551,0.26126713
H8552,0.39215553
H8553,0.3976234
H8557,0.23732235
H8562,0.5692319
H8564,0.2056177
H8565,0.120877884
H8567,0.20206355
H8569,0.2420911
H8571,0.3681604
H8572,0.39215553
H8573,0.27771443
H8576,0.57388455
H8577,0.5854623
H8578,0.151837
H859,0.25739378
H8603,0.17573836
H8641,0.3976234
H9799,0.12617828
H9902,0.08408133
H8312,0.120877884
H8477,0.3573563
H9437,0.1416767
H10638,0.19098298
H10963,0.11991159
H10964,0.18747194
H11375,0.20824255
H12174,0.22553526
H12176,0.20064117
H12199,0.20824255
H8474,0.22275376
H8475,0.19808814
H8855,0.086888775
H8877,0.5883439
H968,0.5746501
H969,0.5689324
H970,0.5456814
H12034,0.075828165
H1056,0.08216846
H11679,0.107333034
H11680,0.09727816
H10118,0.45335445
H10983,0.19787738
H11275,0.09031868
H11562,0.07795347
H11651,0.21683812
H12006,0.24928519
H7504,0.07819959
H7505,0.07819959
H7540,0.58961546
H7560,0.4127901
H7561,0.40646207
H8163,0.09960039
H8166,0.07795347
H8486,0.24140844
H8487,0.21874472
H8488,0.21524924
H8492,0.12109493
H8493,0.12109493
H8496,0.17573836
H8497,0.19098298
H8499,0.14517869
H8501,0.40150854
H8502,0.50734854
H8504,0.23361874
H8505,0.20900582
H8506,0.3681604
H8507,0.39215553
H8511,0.37273487
H8513,0.17573836
H8514,0.21683812
H8517,0.2056177
H8518,0.22275376
H8519,0.20900582
H8522,0.09960039
H8523,0.107333034
H8532,0.13304667
H8559,0.2420911
H8561,0.14836273
H8600,0.07795347
H8601,0.08416261
H8602,0.17573836
H8692,0.21683812
H8703,0.2056177
H8704,0.19808814
H9159,0.1260981
H9160,0.14089398
H9161,0.1260981
H9961,0.47086433
H10341,0.32890177
H10342,0.33947456
H11313,0.49441624
H11898,0.2335548
H12565,0.09960039
H8164,0.09727816
H8165,0.09960039
H8491,0.09960039
H8495,0.20206355
H8515,0.30640477
H8516,0.3020501
H8531,0.24140844
H8541,0.14845635
H8691,0.074015535
H997,0.17122023
H11254,0.11812459
H12166,0.120877884
H8776,0.14264414
H11159,0.09727816
H10064,0.58961546
H10942,0.5967588
H10944,0.5854623
H11381,0.1871612
H8542,0.16907011
H11339,0.5245241
H10019,0.5785034
H10283,0.095123954
H10101,0.08242669
H10700,0.5666303
H10744,0.15380983
H10768,0.09960039
H10850,0.09960039
H10851,0.09727816
H10981,0.4127901
H11073,0.13304667
H11361,0.24064098
H11549,0.57388455
H11688,0.07795347
H11689,0.08416261
H11767,0.120877884
H11768,0.13212642
H11937,0.086888775
H12177,0.11361942
H12425,0.22275376
H12426,0.20137647
H7541,0.19463228
H7548,0.21023962
H7757,0.38086894
H7764,0.40646207
H7765,0.40150854
H7784,0.086888775
H7785,0.09373727
H7803,0.120877884
H7924,0.13958143
H8763,0.07018678
H8764,0.07018678
H8811,0.19098298
H8812,0.17198001
H8813,0.16907011
H8816,0.41249406
H8817,0.3898543
H8818,0.40121508
H8821,0.08242669
H8822,0.3681604
H8827,0.4127901
H8834,0.27771443
H8836,0.36209467
H8837,0.41249406
H8839,0.5923546
H8840,0.14845635
H8841,0.16179891
H8842,0.14517869
H8843,0.14264414
H8848,0.28924915
H8849,0.31970063
H8850,0.4127901
H8851,0.437679
H8854,0.24928519
H8857,0.17198001
H8859,0.6128254
H8862,0.15987097
H8863,0.07018678
H8864,0.09960039
H8866,0.13888739
H8868,0.120877884
H8871,0.100906566
H8872,0.2056177
H8873,0.22275376
H8874,0.107333034
H8875,0.17573836
H8879,0.24928519
H8880,0.39886636
H8881,0.17573836
H8882,0.59006035
H8883,0.16624899
H8884,0.120877884
H8885,0.11812459
H8886,0.111642376
H8889,0.2420911
H8890,0.2420911
H8891,0.26126713
H8892,0.23361874
H8893,0.26658097
H8895,0.3764953
H8896,0.5692319
H8897,0.5692319
H8898,0.2056177
H8899,0.08408133
H8900,0.09960039
H8901,0.39886636
H8902,0.39886636
H8903,0.4122443
H8904,0.19787738
H8911,0.437679
H8912,0.2420911
H8913,0.21242735
H8914,0.14845635
H8916,0.20484023
H8918,0.17573836
H8920,0.14264414
H8921,0.11141554
H8925,0.19787738
H8926,0.19463228
H8927,0.2420911
H8928,0.61982524
H8930,0.5923546
H8935,0.20555116
H8936,0.13024342
H8937,0.5923546
H8938,0.5923546
H8939,0.5994826
H8940,0.5931837
H8942,0.120877884
H8946,0.33012316
H8947,0.08483499
H9208,0.20824255
H950,0.5967588
H951,0.40646207
H9513,0.47086433
H9515,0.45923686
H11569,0.092115834
H12453,0.20824255
H12454,0.20824255
H10406,0.6075058
H10766,0.1713574
H10789,0.10775745
H10985,0.23786403
H11013,0.123656824
H11014,0.123656824
H11036,0.14396325
H11206,0.46026665
H11667,0.27927208
H11712,0.15957786
H11913,0.20549172
H12103,0.32743168
H12114,0.25708082
H12160,0.12923218
H12161,0.13645583
H12162,0.12631607
H12212,0.2748142
H12491,0.15601343
H748,0.3524005
H76,0.47036195
H7689,0.1198001
H8302,0.2815033
H8304,0.19821401
H8305,0.10775745
H8306,0.1267677
H8307,0.12923218
H8313,0.3667142
H8318,0.10723174
H8365,0.11321421
H8366,0.11321421
H8367,0.11061356
H8462,0.13645583
H8465,0.43394795
H8594,0.15512693
H8596,0.12923218
H8727,0.23500316
H8728,0.27927208
H8729,0.2389632
H8731,0.18683177
H8733,0.25852382
H8735,0.17076838
H8737,0.27927208
H8741,0.12923218
H8746,0.20549172
H8747,0.4446766
H8748,0.19403698
H8749,0.12923218
H8750,0.21906272
H8752,0.34425706
H8754,0.20704862
H8756,0.4366546
H8757,0.39343563
H8758,0.3630909
H8759,0.12923218
H8760,0.21906272
H8761,0.20125243
H8762,0.19796564
H8767,0.22670466
H8773,0.2770906
H8774,0.2861346
H8775,0.15290721
H8777,0.14954855
H8780,0.22670466
H8782,0.1325151
H8783,0.13989277
H8784,0.1325151
H8786,0.18683177
H8828,0.45377323
H9140,0.14396325
H9141,0.14755696
H9142,0.15562178
H9143,0.14429581
H9145,0.1198001
H9147,0.5172387
H9148,0.5107021
H9149,0.14396325
H9151,0.14396325
H9152,0.16981061
H9153,0.2418841
H9154,0.22346157
H9155,0.2418841
H9206,0.17706455
H9207,0.32743168
H9436,0.5172387
H9439,0.29676238
H9440,0.2913306
H9441,0.2418841
H9442,0.29676238
H9443,0.14755696
H9444,0.2418841
H9445,0.17706455
H9447,0.2792002
H9740,0.11321421
H9851,0.3193041
H9948,0.11321421
H11990,0.20900582
H10991,0.5994826
H10992,0.58820975
H11052,0.11735557
H11830,0.4127901
H7616,0.23732235
H7905,0.111385785
H8814,0.14845635
H8823,0.21683812
H8824,0.23463309
H8825,0.09960039
H8831,0.2401033
H8835,0.26126713
H8838,0.14845635
H8852,0.437679
H8860,0.5967588
H8908,0.26672113
H8910,0.25767982
H8923,0.15115124
H8931,0.17573836
H8932,0.17573836
H949,0.5810213
H8455,0.23463309
H8456,0.20900582
H8457,0.09960039
H8458,0.22137119
H8579,0.4127901
H8580,0.28638667
H8581,0.28106892
H8582,0.27693057
H8586,0.2420911
H8587,0.2420911
H8590,0.22324948
H8592,0.3681604
H8593,0.36209467
H8595,0.5076538
H8751,0.21242735
H9981,0.38086894
H9982,0.1871612
H8809,0.42911777
H8810,0.42911777
H8521,0.33631563
H8725,0.086888775
H8726,0.086888775
H8844,0.16624899
H8845,0.15987097
H8887,0.09727816
H9259,0.10409373
H8710,0.11735557
H11551,0.61982524
H12448,0.24140844
H12449,0.21874472
H7480,0.39640206
H7482,0.3699102
H8527,0.2056177
H8528,0.3681604
H8529,0.3976234
H10166,0.18944587
H12328,0.38093093
H749,0.11509764
H8489,0.22947663
H10982,0.07795347
H11284,0.08216846
H12501,0.15359116
H7871,0.115602404
H8310,0.13321747
H8314,0.09203406
H8460,0.09960039
H8461,0.09727816
H8463,0.08216846
H8464,0.08416261
H8466,0.14836273
H8468,0.09289533
H8471,0.14845635
H8472,0.16179891
H8476,0.09960039
H8478,0.07819959
H8480,0.07819959
H8482,0.095123954
H8483,0.10426014
H8484,0.092273355
H8485,0.12109493
H8739,0.120877884
H8743,0.11812459
H9928,0.09289533
H9929,0.092273355
H8510,0.115602404
H8738,0.21874472
H11464,0.3681604
H11465,0.2420911
H8618,0.14771312
H12170,0.14517869
H12171,0.14264414
H12384,0.17573836
H8054,0.120877884
H11385,0.49441624
H12452,0.14542432
H11415,0.09960039
H11639,0.09031868
H12376,0.115602404
H937,0.2056177
H938,0.2056177
H12108,0.22324948
H11211,0.13321747
H986,0.17573836
H7653,0.22324948
H12236,0.22275376
H10028,0.21898505
H10029,0.19463228
H10079,0.3681604
H10107,0.11812459
H10155,0.2056177
H10550,0.21683812
H10551,0.23463309
H1119,0.11295389
H1136,0.12648755
H11634,0.23803072
H12228,0.13480403
H12282,0.17198001
H7512,0.20824255
H7581,0.120877884
H9704,0.41075152
H9785,0.22332858
H9921,0.19098298
H9922,0.17573836
H9924,0.09960039
H9936,0.3976234
H9984,0.322416
H9987,0.107333034
H9988,0.07795347
H10530,0.08416261
H10001,0.13321747
H10131,0.22275376
H10715,0.10426014
H11118,0.20484023
H11119,0.20484023
H11773,0.13321747
H11927,0.12617828
H7546,0.17573836
H7881,0.15380983
H8949,0.17198001
H11370,0.08216846
H90,0.40646207
H9027,0.111642376
H10517,0.2714137
H12546,0.12900999
H12547,0.1260981
H11655,0.20206355
H12173,0.111385785
H10096,0.09960039
H10097,0.09960039
H10098,0.09960039
H12402,0.111642376
H9956,0.111385785
H9035,0.5923546
H9382,0.09210218
H9384,0.08742616
H10441,0.19808814
H8412,0.2420911
H10016,0.21023962
H10092,0.17081183
H10260,0.24854769
H10261,0.24854769
H10657,0.4127901
H11129,0.120877884
H11565,0.18008731
H11566,0.17625585
H11607,0.24202557
H12439,0.6061396
H7479,0.24869536
H7630,0.17162661
H79,0.20206355
H8400,0.2056177
H8401,0.4127901
H9554,0.21683812
H9687,0.09960039
H10521,0.14845635
H11740,0.20137647
H9969,0.4127901
H11793,0.21683812
H7853,0.20137647
H7499,0.17573836
H10063,0.36209467
H10146,0.09373727
H11673,0.23803072
H10402,0.2420911
H10403,0.23361874
H11948,0.2420911
H10010,0.16179891
H10089,0.2056177
H10099,0.2056177
H10105,0.17198001
H10125,0.20900582
H10137,0.107333034
H10138,0.09727816
H10139,0.09960039
H10185,0.13212642
H10343,0.095123954
H10666,0.14517869
H10679,0.11295389
H10680,0.09960039
H10890,0.17573836
H10891,0.17573836
H11190,0.14845635
H11390,0.14713159
H11401,0.14517869
H11402,0.14264414
H11772,0.09960039
H11787,0.16179891
H12113,0.09960039
H12143,0.24064098
H12184,0.120877884
H12346,0.24928519
H12420,0.14845635
H12466,0.12900999
H12601,0.120877884
H7660,0.120877884
H7661,0.13212642
H7865,0.120877884
H8414,0.120877884
H9170,0.2359499
H9212,0.25629443
H9219,0.111385785
H9220,0.10882197
H9563,0.14264414
H9587,0.107333034
H9602,0.49907973
H9609,0.2056177
H9610,0.2056177
H9635,0.13212642
H9636,0.11735557
H9735,0.13024342
H9736,0.13024342
H9737,0.11993263
H9745,0.14988594
H9798,0.28021437
H9830,0.09960039
H9834,0.27771443
H9835,0.25767982
H10121,0.087245636
H10506,0.13212642
H10565,0.14532514
H10566,0.12976453
H10627,0.10563073
H10728,0.17573836
H10729,0.14845635
H10819,0.120877884
H10862,0.1091427
H10918,0.14845635
H11029,0.14845635
H11030,0.14517869
H11153,0.16179891
H11155,0.17573836
H11156,0.17573836
H11158,0.16907011
H11476,0.10563073
H11713,0.0827937
H9542,0.0827937
H9543,0.0827937
H9604,0.17960927
H9617,0.10563073
H9637,0.20206355
H9645,0.10563073
H11203,0.10939477
H11204,0.11405072
H11398,0.14845635
H11831,0.14988594
H11832,0.13888739
H12231,0.11993263
H7697,0.2056177
H8407,0.08483499
H8416,0.09960039
H9213,0.20824255
H9567,0.5692319
H9691,0.21242735
H9771,0.25767982
H10015,0.15059395
H10025,0.15059395
H10080,0.2056177
H10081,0.2056177
H10200,0.17573836
H10202,0.19098298
H10216,0.12482852
H10308,0.1640916
H10327,0.15433379
H10447,0.1640916
H10616,0.15059395
H10617,0.14727727
H10641,0.19098298
H10670,0.14634995
H11304,0.17573836
H11305,0.17198001
H11400,0.14727727
H12062,0.17573836
H12081,0.20396109
H12180,0.17268799
H12513,0.1640916
H7525,0.14183906
H7637,0.12482852
H9169,0.13913776
H9194,0.23803072
H9215,0.10994714
H9216,0.11567507
H9217,0.10994714
H9496,0.38771415
H9544,0.3119939
H9545,0.30640477
H9546,0.2420911
H9553,0.21683812
H9557,0.2056177
H9566,0.17573836
H9582,0.12199779
H9588,0.24140844
H9589,0.21874472
H9591,0.20206355
H9599,0.41249406
H9600,0.4260051
H9601,0.40121508
H9603,0.15059395
H9605,0.23463309
H9606,0.21242735
H9614,0.21874472
H9638,0.19808814
H9650,0.20206355
H9651,0.12482852
H9661,0.19808814
H9675,0.098297134
H9685,0.15059395
H9686,0.14634995
H9741,0.15433379
H9806,0.21683812
H9808,0.2420911
H9810,0.5692319
H9826,0.15094937
H9919,0.15059395
H9980,0.16810031
H9998,0.23361874
H10000,0.120877884
H10059,0.2056177
H10104,0.21242735
H10111,0.115602404
H10112,0.11295389
H10135,0.13212642
H10136,0.11812459
H10141,0.115602404
H10142,0.12643062
H10143,0.11295389
H10175,0.09727816
H10284,0.08572465
H10383,0.09727816
H10582,0.12648755
H10719,0.17244786
H10976,0.22275376
H10977,0.20137647
H11066,0.09960039
H11084,0.24275498
H1127,0.21683812
H1128,0.086888775
H1129,0.08483499
H1139,0.11509764
H11482,0.23463309
H11545,0.20824255
H11546,0.22553526
H11725,0.115602404
H11788,0.107333034
H11789,0.09960039
H11790,0.120877884
H11791,0.107333034
H12059,0.17573836
H12371,0.08216846
H12388,0.24202557
H12583,0.14295124
H12584,0.13888739
H7558,0.115602404
H8406,0.5931837
H9210,0.18662855
H9573,0.120877884
H9574,0.120877884
H9575,0.11812459
H9576,0.11735557
H9679,0.17573836
H9680,0.19098298
H9716,0.20484023
H9917,0.09960039
H9930,0.09960039
H9958,0.19382618
H9959,0.19382618
H10052,0.17573836
H10126,0.2056177
H10127,0.22275376
H10128,0.20137647
H10129,0.19808814
H10130,0.120877884
H10132,0.115602404
H10133,0.120877884
H10134,0.13212642
H10317,0.17573836
H10347,0.13212642
H10361,0.20484023
H10409,0.14517869
H10449,0.3119939
H10515,0.27771443
H10635,0.19098298
H10636,0.17198001
H10661,0.09727816
H10667,0.17573836
H11022,0.08416261
H1125,0.13024342
H1126,0.13024342
H11351,0.17244786
H11397,0.08216846
H1141,0.11812459
H1152,0.26658097
H11719,0.09727816
H11729,0.10259112
H11980,0.14295124
H12086,0.07795347
H12134,0.120877884
H12183,0.11735557
H12332,0.08483499
H12380,0.14517869
H12418,0.2420911
H12522,0.14845635
H7553,0.09960039
H7580,0.25629443
H7664,0.41249406
H7729,0.14615764
H7837,0.09960039
H8415,0.17573836
H8420,0.2056177
H9202,0.13480403
H9519,0.13304667
H9547,0.086888775
H9548,0.086888775
H9556,0.13212642
H9579,0.120877884
H9612,0.4127901
H9626,0.14845635
H9646,0.14845635
H9673,0.2281849
H9689,0.107333034
H9693,0.11735557
H9699,0.09727816
H9722,0.120877884
H9723,0.13212642
H9734,0.120877884
H9743,0.120877884
H9744,0.11735557
H9777,0.13212642
H9783,0.14845635
H9784,0.14517869
H9800,0.14845635
H9941,0.17573836
H9963,0.2056177
H9974,0.09960039
H10374,0.120877884
H10375,0.11812459
H10412,0.08216846
H10643,0.120877884
H10644,0.11735557
H11123,0.19098298
H11144,0.17573836
H1122,0.17198001
H11382,0.120877884
H11484,0.09960039
H11803,0.107333034
H11933,0.09960039
H12164,0.111385785
H12285,0.09960039
H12427,0.23206486
H9167,0.12900999
H9168,0.14089398
H9657,0.17122023
H9658,0.15380983
H10002,0.086888775
H10003,0.08483499
H10030,0.17573836
H10082,0.12779169
H10119,0.08216846
H10120,0.08416261
H10123,0.39137292
H10213,0.21242735
H10398,0.23463309
H10443,0.22275376
H10576,0.19098298
H10772,0.17244786
H11163,0.14264414
H11431,0.0770052
H11647,0.14517869
H7690,0.5967588
H7691,0.6061396
H7709,0.12779169
H7710,0.13958143
H7809,0.120877884
H8393,0.08416261
H8394,0.07795347
H9057,0.07819959
H9058,0.07819959
H9595,0.3573563
H9616,0.2420911
H9639,0.26126713
H9720,0.14517869
H9839,0.120877884
H9840,0.11812459
H9842,0.2420911
H9843,0.26126713
H10054,0.086888775
H10055,0.09373727
H10591,0.442763
H10615,0.5810213
H10903,0.08742616
H11727,0.07795347
H8421,0.53626114
H8422,0.53626114
H8643,0.07795347
H9209,0.17244786
H9719,0.120877884
H9732,0.100906566
H9796,0.5923546
H10436,0.19787738
H10437,0.19463228
H10597,0.2420911
H10598,0.2420911
H10654,0.14517869
H10655,0.14264414
H11252,0.2420911
H11287,0.2420911
H1130,0.13024342
H1131,0.11993263
H12607,0.21898505
H7542,0.14713159
H7545,0.08742616
H7641,0.08216846
H9198,0.08742616
H9568,0.40646207
H9674,0.25767982
H9678,0.4127901
H11174,0.38086894
H1133,0.18991342
H7816,0.09960039
H9634,0.26126713
H12300,0.5718746
H7775,0.19476952
H9063,0.12215092
H9200,0.08742616
H9201,0.09431265
H9607,0.21898505
H10180,0.09516367
H10181,0.09516367
H10255,0.19808814
H11341,0.120877884
H10475,0.14517869
H1142,0.13024342
H1143,0.13783064
H11707,0.4127901
H11708,0.40150854
H9682,0.26672113
H9683,0.27771443
H9996,0.20824255
H10056,0.14845635
H10256,0.120877884
H10257,0.120877884
H10399,0.58961546
H10400,0.5666303
H11302,0.08742616
H11362,0.095123954
H11696,0.4837897
H8403,0.09960039
H8411,0.09960039
H8413,0.07795347
H11581,0.09960039
H9037,0.14264414
H9199,0.20824255
H12428,0.3681604
H104,0.21683812
H105,0.21242735
H809,0.19098298
H11227,0.08987063
H1259,0.2056177
H800,0.23463309
H11782,0.09960039
H1005,0.086888775
H1253,0.120877884
H7571,0.08742616
H7566,0.120877884
H7884,0.115602404
H11101,0.07795347
H10859,0.08483499
H1074,0.17573836
H10764,0.09516367
H12234,0.26126713
H12296,0.3573563
H11701,0.21411142
H11757,0.28638667
H12019,0.59495634
H11369,0.12215092
H7483,0.14517869
H7484,0.14264414
H10178,0.07819959
H10584,0.17573836
H11745,0.09960039
H10245,0.22324948
H11363,0.5692319
H11918,0.12643062
H7655,0.13321747
H11070,0.07819959
H11071,0.08442653
H11625,0.17573836
H11511,0.11812459
H9920,0.1572465
H1214,0.13212642
H11169,0.1400921
H11915,0.17573836
H816,0.13024342
H817,0.11993263
H860,0.120877884
H12111,0.08416261
H12141,0.2420911
H12148,0.111642376
H12151,0.08216846
H12152,0.07795347
H12155,0.09960039
H12156,0.09727816
H7771,0.14845635
H7772,0.14845635
H7773,0.14517869
H10522,0.5692319
H10608,0.20137647
H10624,0.36209467
H10625,0.3573563
H10649,0.14295124
H109,0.437679
H11006,0.21683812
H11299,0.2056177
H11308,0.120877884
H11309,0.13212642
H7681,0.23463309
H7682,0.21242735
H7683,0.20900582
H795,0.19808814
H9729,0.18747194
H9838,0.10882197
H11643,0.21683812
H11177,0.2056177
H11652,0.45335445
H7854,0.17573836
H7855,0.19098298
H11711,0.08742616
H7932,0.07795347
H8167,0.17198001
H8168,0.07795347
H888,0.08742616
H889,0.09210218
H11521,0.437679
H11522,0.40150854
H792,0.09960039
H793,0.09960039
H10805,0.14845635
H10791,0.095123954
H10841,0.2056177
H11716,0.095123954
H11186,0.2420911
H11187,0.26126713
H11188,0.23361874
H11189,0.2420911
H11653,0.2420911
H11823,0.23361874
H11824,0.3976234
H7786,0.086888775
H8620,0.074015535
H10012,0.24928519
H10337,0.11812459
H10671,0.120877884
H10672,0.120877884
H9786,0.17198001
H9790,0.23732235
H9960,0.437679
H10579,0.3681604
H10580,0.39215553
H10395,0.19098298
H10396,0.16907011
H11744,0.26489028
H0,0.09960039
H11854,0.41249406
H7588,0.27771443
H7589,0.25767982
H7607,0.12617828
H8621,0.13024342
H8622,0.17282492
H8624,0.24520923
H89,0.14845635
H1229,0.5923546
H770,0.21683812
H771,0.21242735
H773,0.23361874
H780,0.1661369
H819,0.36563686
H821,0.24928519
H822,0.24064098
H826,0.086888775
H878,0.20900582
H760,0.23463309
H919,0.23463309
H920,0.21242735
H759,0.21524924
H1047,0.09960039
H11318,0.41249406
H11319,0.4260051
H11353,0.14845635
H11355,0.14264414
H10249,0.095123954
H9759,0.2056177
H9760,0.2056177
H1244,0.14988594
H11314,0.50734854
H12003,0.45737073
H8129,0.14517869
H11449,0.20900582
H11518,0.13212642
H11519,0.11812459
H11059,0.23803072
H10730,0.08216846
H10939,0.17122023
H11291,0.42911777
H11292,0.40619645
H12360,0.09960039
H12424,0.08216846
H7576,0.4127901
H7577,0.40646207
H7614,0.07795347
H7615,0.08216846
H7791,0.2056177
H1001,0.17573836
H10957,0.24140844
H11368,0.20555116
H11978,0.08242669
H12532,0.2420911
H12537,0.120877884
H7604,0.09289533
H8130,0.14845635
H8132,0.09960039
H8992,0.20636913
H9647,0.115602404
H11329,0.20206355
H11229,0.437679
H10220,0.120877884
H12568,0.086888775
H12569,0.086888775
H12053,0.46248078
H12072,0.111642376
H8628,0.07795347
H11268,0.46899188
H11269,0.46899188
H11473,0.28106892
H8126,0.111642376
H8128,0.10709015
H11317,0.59495634
H11331,0.13480403
H12409,0.5567728
H7675,0.22553526
H12107,0.5718746
H7665,0.322416
H10231,0.23463309
H7844,0.21561348
H10703,0.437679
H11145,0.18977007
H11234,0.13726425
H11598,0.45737073
H11814,0.58364457
H11859,0.1310564
H12186,0.42265943
H12187,0.42265943
H12188,0.4162874
H12189,0.41129717
H12232,0.46899188
H12329,0.28638667
H12330,0.28638667
H12331,0.30764714
H12549,0.26530448
H12550,0.26530448
H12551,0.2856262
H12594,0.1717374
H7594,0.09330486
H7595,0.09330486
H7622,0.5926667
H7623,0.59578377
H7624,0.5908197
H7625,0.60206944
H768,0.09589641
H8158,0.13598017
H8159,0.13598017
H8160,0.14839683
H8161,0.23827586
H8162,0.21582255
H8629,0.0897572
H8965,0.2056177
H8966,0.1062024
H921,0.2420911
H926,0.17935966
H11645,0.28106892
H11646,0.27693057
H11923,0.26023543
H11500,0.16179891
H11501,0.14517869
H10808,0.1938278
H10811,0.18662855
H10813,0.22585005
H10814,0.23426655
H10817,0.12536088
H10818,0.18747194
H10840,0.09373727
H10842,0.14713159
H10843,0.13178115
H10844,0.090414025
H10845,0.13480403
H10847,0.11991159
H10848,0.07795347
H10849,0.13478222
H11279,0.12643062
H11737,0.111385785
H11742,0.09960039
H12082,0.08742616
H12447,0.13606618
H7831,0.120877884
H8390,0.120877884
H8391,0.13212642
H9203,0.14924464
H9225,0.09210218
H9484,0.1572465
H7912,0.23803072
H7913,0.22965735
H814,0.111385785
H815,0.111385785
H11815,0.42265943
H11346,0.27806476
H7744,0.08995067
H10988,0.07795347
H1173,0.09960039
H7648,0.19098298
H9592,0.18944587
H9593,0.1661369
H9594,0.3305001
H9853,0.20137647
H11075,0.26530448
H9906,0.23463309
H10251,0.07795347
H10273,0.09960039
H11199,0.09960039
H1163,0.586021
H1164,0.5810213
H1172,0.19098298
H12394,0.14845635
H8633,0.09960039
H8634,0.09960039
H10408,0.08408133
H11296,0.23331724
H12015,0.15606523
H10039,0.322416
H10539,0.17573836
H10693,0.07018678
H10870,0.5994826
H10871,0.5994826
H11613,0.13212642
H8145,0.09373727
H11445,0.19787738
H11446,0.19463228
H10373,0.13783064
H11454,0.08416261
H11295,0.17244786
H10051,0.12109493
H8156,0.09960039
H9193,0.44523525
H1165,0.21898505
H1169,0.19787738
H1170,0.19463228
H12555,0.09960039
H10683,0.086888775
H11839,0.46899188
H11130,0.61042374
H11131,0.58356607
H9797,0.120877884
H8025,0.154366
H7666,0.22324948
H10760,0.36209467
H11784,0.39886636
H11785,0.4122443
H11786,0.38771415
H75,0.24520923
H8429,0.09960039
H9463,0.151837
H9465,0.21874472
H12445,0.09431265
H8430,0.09960039
H8431,0.09960039
H9462,0.07795347
H10442,0.23732235
H10749,0.120877884
H10750,0.120877884
H11987,0.17282492
H8010,0.3342649
H8012,0.13024342
H8013,0.111642376
H8014,0.109073386
H8015,0.10709015
H8016,0.21898505
H8017,0.19463228
H8019,0.120877884
H8021,0.21874472
H8023,0.15987097
H8024,0.20206355
H8028,0.21242735
H8029,0.20900582
H8030,0.19476952
H8031,0.120877884
H8032,0.11812459
H8033,0.24140844
H9624,0.1400921
H953,0.2420911
H954,0.2420911
H956,0.586021
H957,0.4127901
H958,0.21242735
H959,0.20900582
H960,0.20900582
H961,0.2056177
H962,0.22275376
H963,0.19808814
H964,0.19463228
H965,0.20206355
H966,0.3976234
H10330,0.20206355
H10331,0.20206355
H11840,0.08216846
H9770,0.5615748
H7827,0.20206355
H8424,0.115602404
H8425,0.115602404
H8426,0.12643062
H8953,0.17573836
H11900,0.20824255
H11901,0.22553526
H9130,0.17573836
H9136,0.21898505
H8327,0.28638667
H8328,0.26530448
H12239,0.115602404
H7925,0.21683812
H7926,0.23463309
H7927,0.21242735
H7928,0.21683812
H7929,0.20900582
H10634,0.21683812
H11064,0.4127901
H11217,0.25808665
H11364,0.5990508
H11508,0.17244786
H11622,0.14845635
H11685,0.2878907
H11686,0.2878907
H11836,0.23725769
H11998,0.3976234
H12054,0.2420911
H12383,0.13480403
H12414,0.25699413
H8150,0.095123954
H8154,0.28021437
H8322,0.42265943
H8324,0.46899188
H8325,0.17244786
H8326,0.31917608
H8329,0.46899188
H8331,0.49441624
H8334,0.1416767
H8715,0.25562504
H9665,0.3681604
H11648,0.111642376
H11974,0.21683812
H12036,0.21898505
H12037,0.19787738
H12039,0.17573836
H8323,0.45335445
H12213,0.23732235
H11201,0.3976234
H7658,0.07018678
H12142,0.2401033
H8716,0.09960039
H8952,0.29819965
H7514,0.08216846
H7515,0.07795347
H7516,0.07795347
H11035,0.19808814
H7517,0.14845635
H7518,0.14264414
H11050,0.17573836
H11051,0.17573836
H11513,0.24412586
H11111,0.19787738
H12530,0.23463309
H8330,0.4476898
H10781,0.09960039
H11490,0.21683812
H7535,0.09727816
H8149,0.16624899
H11973,0.3976234
H7554,0.17573836
H8,0.2420911
H12294,0.41129717
H7722,0.23560442
H11612,0.23331724
H7591,0.49596938
H9417,0.17244786
H93,0.23463309
H1078,0.3976234
H12012,0.09960039
H1256,0.20824255
H7631,0.120877884
H7828,0.095123954
H7829,0.10426014
H7830,0.09289533
H10938,0.17198001
H11391,0.322416
H7524,0.22137119
H8687,0.22137119
H11041,0.2420911
H12312,0.4260051
H12313,0.3898543
H11850,0.120877884
H11650,0.1526497
H9197,0.09960039
H12515,0.23803072
H7593,0.17198001
H10838,0.22324948
H7976,0.09727816
H9860,0.39215553
H9861,0.36209467
H10163,0.22324948
H10164,0.21524924
H9564,0.2420911
H9570,0.41249406
H9571,0.40121508
H10307,0.24140844
H7793,0.25808665
H7794,0.25808665
H7795,0.253108
H11067,0.120877884
H7861,0.20206355
H7863,0.19463228
H7943,0.120877884
H7945,0.14264414
H7968,0.19382618
H7969,0.186627
H7970,0.23560442
H10094,0.17198001
H10311,0.19463228
H7910,0.4127901
H9527,0.26126713
H10685,0.17198001
H10531,0.25451115
H11216,0.16907011
H11255,0.2335548
H11524,0.5926667
H12361,0.21898505
H7495,0.092115834
H7519,0.09960039
H7774,0.25808665
H7778,0.24202557
H7807,0.437679
H7891,0.17573836
H7971,0.23463309
H7973,0.23732235
H7978,0.2056177
H9406,0.20824255
H9407,0.28638667
H9502,0.21898505
H9505,0.21683812
H9506,0.5076538
H9510,0.2420911
H9511,0.3976234
H9512,0.39137292
H9522,0.22324948
H9531,0.17960927
H9532,0.17960927
H9569,0.61982524
H9613,0.5692319
H9615,0.21683812
H9621,0.14845635
H9622,0.14845635
H9700,0.1604501
H9844,0.5923546
H10585,0.4127901
H11184,0.21524924
H10857,0.14845635
H7776,0.26530448
H1183,0.09727816
H8604,0.16624899
H8605,0.16624899
H10740,0.42911777
H11264,0.3681604
H11525,0.22324948
H11528,0.21524924
H11530,0.19098298
H11531,0.17198001
H11532,0.24140844
H11879,0.22324948
H11880,0.21683812
H11882,0.23361874
H11939,0.20206355
H12369,0.36209467
H12370,0.22324948
H12575,0.17573836
H12576,0.16907011
H12577,0.17573836
H12578,0.19098298
H12579,0.17573836
H12580,0.19098298
H11376,0.22137119
H12268,0.08742616
H12456,0.120877884
H12457,0.120877884
H8985,0.08416261
H8984,0.07795347
H11993,0.21874472
H11996,0.22324948
H11303,0.09960039
H12367,0.09960039
H7557,0.07795347
H11860,0.08416261
H11630,0.25451115
H11631,0.22715412
H7741,0.086888775
H7742,0.09373727
H8648,0.09960039
H9918,0.11812459
H1010,0.2056177
H11477,0.120877884
H11963,0.3342649
H10345,0.22324948
H10346,0.24140844
H10394,0.16179891
H10534,0.10939477
H10552,0.14845635
H10588,0.14591512
H10610,0.25981453
H1088,0.107333034
H1102,0.11361942
H11943,0.17244786
H12071,0.16013232
H12518,0.14845635
H12519,0.14845635
H12558,0.10409373
H12559,0.10409373
H12560,0.101678565
H7762,0.120877884
H7763,0.120877884
H7852,0.111385785
H7894,0.2056177
H7895,0.22275376
H9468,0.08483499
H9473,0.17573836
H9780,0.1604501
H9781,0.1400921
H7857,0.07795347
H10047,0.2056177
H8970,0.2420911
H8972,0.2420911
H8974,0.5692319
H11665,0.23463309
H1084,0.07819959
H10936,0.21683812
H10937,0.21242735
H11336,0.26530448
H11846,0.120877884
H11847,0.13212642
H756,0.109073386
H7859,0.16179891
H7860,0.20206355
H9185,0.09960039
H10910,0.2420911
H10911,0.26126713
H10174,0.13888739
H11140,0.111385785
H11141,0.111385785
H11213,0.2420911
H11214,0.23732235
H11372,0.22874741
H11925,0.092115834
H11935,0.0993315
H11936,0.092115834
H8969,0.13212642
H1157,0.2056177
H7833,0.17573836
H11794,0.46899188
H11795,0.49441624
H11796,0.5429391
H11797,0.56406516
H11423,0.14517869
H9947,0.09960039
H1146,0.115602404
H1147,0.12643062
H1148,0.11295389
H1151,0.14845635
H11615,0.115602404
H11616,0.115602404
H11940,0.2420911
H8975,0.09960039
H8635,0.07795347
H8636,0.08216846
H10011,0.21898505
H1008,0.17573836
H1009,0.16907011
H9994,0.1775341
H11207,0.46437997
H8721,0.111385785
H8722,0.10882197
H12586,0.092115834
H10930,0.09960039
H10931,0.107333034
H10932,0.09960039
H12172,0.120877884
H9949,0.14845635
H10305,0.58961546
H10306,0.58961546
H11483,0.2056177
H12351,0.39502406
H1255,0.20064117
H9985,0.14845635
H10951,0.2923587
H7842,0.19098298
H10219,0.120877884
H10299,0.17573836
H10607,0.111642376
H9493,0.120877884
H7821,0.22275376
H11406,0.2420911
H1043,0.09960039
H11706,0.10426014
H1042,0.14845635
H1045,0.2420911
H1046,0.07795347
H11172,0.17573836
H11173,0.16907011
H11371,0.20206355
H11407,0.20137647
H11408,0.19808814
H811,0.09960039
H10869,0.086888775
H7996,0.20206355
H10188,0.41249406
H12217,0.21524924
H8049,0.29819965
H9082,0.12900999
H12431,0.25675732
H9450,0.08742616
H9451,0.08742616
H7564,0.25808665
H8075,0.17573836
H8076,0.19098298
H10236,0.20997909
H10237,0.19476952
H11459,0.09960039
H7824,0.20824255
H9092,0.17244786
H9243,0.17244786
H9244,0.26530448
H9245,0.45335445
H9246,0.20824255
H9247,0.22553526
H9248,0.20824255
H9249,0.28638667
H9251,0.14713159
H9254,0.20824255
H9255,0.22553526
H9256,0.17244786
H11017,0.07795347
H11018,0.08216846
H10733,0.07795347
H10775,0.09960039
H10828,0.2056177
H11420,0.41249406
H11681,0.22531866
H11945,0.11991159
H11946,0.08742616
H11992,0.09960039
H12240,0.4127901
H12243,0.3342649
H1245,0.08216846
H7573,0.086888775
H7847,0.09960039
H7882,0.11405072
H8039,0.1400921
H8040,0.08416261
H8041,0.07795347
H8042,0.08216846
H8046,0.09960039
H8069,0.09960039
H8098,0.13212642
H8099,0.17573836
H8100,0.09960039
H8102,0.12109493
H8103,0.09960039
H8104,0.11735557
H8350,0.09960039
H8797,0.14845635
H9069,0.111385785
H9075,0.08742616
H9076,0.111385785
H9079,0.111385785
H9083,0.12900999
H9084,0.111385785
H9085,0.13480403
H9086,0.13480403
H9089,0.11991159
H9093,0.08742616
H9094,0.17244786
H9096,0.111385785
H9098,0.111385785
H9099,0.12900999
H9100,0.08742616
H9101,0.13480403
H9102,0.13093643
H9103,0.46899188
H9105,0.12900999
H9106,0.09210218
H9108,0.111385785
H9109,0.111385785
H9110,0.17244786
H9111,0.111385785
H9114,0.111385785
H11494,0.3976234
H12252,0.22324948
H11058,0.2420911
H11743,0.61538136
H8101,0.107333034
H9087,0.25699413
H9090,0.22553526
H9119,0.13024342
H9120,0.12648755
H11509,0.2401033
H11837,0.2056177
H8105,0.17198001
H8793,0.14542432
H12507,0.2140275
H10626,0.5692319
H11628,0.17573836
H12396,0.45282772
H12397,0.45282772
H12506,0.27174005
H8057,0.5076538
H11031,0.18747194
H11055,0.3976234
H12178,0.21683812
H12496,0.13212642
H8043,0.14845635
H9104,0.24202557
H8061,0.111642376
H8062,0.109073386
H8044,0.07795347
H8045,0.08416261
H8109,0.09203406
H11436,0.13024342
H12358,0.07795347
H7559,0.09960039
H8654,0.14845635
H7870,0.13212642
H11512,0.16907011
H8000,0.27174005
H8002,0.09960039
H8004,0.09960039
H8286,0.115602404
H8295,0.120877884
H12375,0.19098298
H8675,0.086888775
H10189,0.1871612
H7490,0.2056177
H12154,0.1604501
H12512,0.2056177
H11486,0.2056177
H11488,0.22275376
H8034,0.09960039
H8085,0.17573836
H8086,0.17573836
H8092,0.111642376
H1029,0.08216846
H1039,0.075828165
H1048,0.19098298
H1050,0.07795347
H1051,0.12254524
H1052,0.07795347
H7836,0.09960039
H11132,0.17573836
H11135,0.21683812
H11136,0.21683812
H11148,0.3898543
H11149,0.4127901
H11212,0.2420911
H8077,0.20555116
H8082,0.17573836
H8095,0.17573836
H8096,0.17198001
H8108,0.14845635
H11143,0.5923546
H11142,0.5923546
H11498,0.24869536
H1218,0.12215092
H1219,0.109073386
H1222,0.2056177
H1224,0.09960039
H1225,0.16907011
H1226,0.16179891
H1227,0.120877884
H7889,0.38086894
H11429,0.23560442
H9039,0.115602404
H8084,0.07795347
H8087,0.25223437
H8090,0.09960039
H8091,0.09960039
H8093,0.16179891
H11247,0.3976234
H1059,0.2420911
H1060,0.2056177
H11386,0.20997909
H11387,0.22103083
H11040,0.42911777
H8079,0.24520923
H8080,0.25562504
H8078,0.22324948
H11178,0.34054017
H11005,0.24412586
H11750,0.21524924
H10296,0.09960039
H10523,0.09373727
H10044,0.24412586
H10206,0.14845635
H10538,0.2420911
H11453,0.20137647
H9655,0.16624899
H9656,0.17408434
H9671,0.2056177
H10034,0.11854706
H10035,0.12961072
H10159,0.23334222
H10234,0.20202842
H10235,0.19459814
H10240,0.20202842
H10549,0.3812524
H10589,0.09763431
H10590,0.09763431
H10686,0.12059509
H10800,0.5522117
H10917,0.115083806
H11289,0.15433757
H11290,0.16810437
H11322,0.09763431
H11426,0.14245526
H11535,0.17924064
H11554,0.14245526
H11574,0.16453864
H11698,0.25702077
H11755,0.23964679
H11932,0.1978428
H12090,0.238056
H12091,0.22968206
H12242,0.11854706
H12436,0.40743926
H12437,0.43224305
H12438,0.40113723
H7673,0.22018752
H7680,0.238056
H7699,0.19852082
H7700,0.21522571
H7753,0.11917516
H7761,0.23334222
H9641,0.20202842
H9642,0.36303043
H9709,0.21310556
H9818,0.23068446
H9819,0.20537272
H9876,0.18758886
H9877,0.19852082
H9878,0.23679827
H9879,0.20202842
H9880,0.1978428
H9881,0.19459814
H9882,0.20202842
H9883,0.20202842
H9885,0.12961072
H9925,0.14568192
H10695,0.120877884
H10696,0.13212642
H10806,0.086888775
H9762,0.13304667
H7587,0.19382618
H7780,0.21242735
H12483,0.09960039
H10022,0.21683812
H10023,0.20900582
H10536,0.17960927
H10537,0.17960927
H11462,0.107333034
H11714,0.09373727
H11960,0.26049137
H12526,0.23732235
H7500,0.2420911
H7501,0.26126713
H7603,0.22332858
H8432,0.09960039
H8434,0.38771415
H11250,0.26530448
H11251,0.2856262
H10724,0.12109493
H10833,0.14591512
H11480,0.120877884
H11731,0.111385785
H12465,0.46899188
H8437,0.154366
H8439,0.14836273
H8441,0.13212642
H890,0.17960927
H9795,0.14517869
H9854,0.12643062
H11810,0.09960039
H11811,0.09960039
H11961,0.25451115
H12068,0.39886636
H7873,0.17573836
H8436,0.120877884
H8297,0.07795347
H10954,0.095123954
H10955,0.09289533
H11541,0.3976234
H11544,0.39137292
H11677,0.17198001
H11702,0.17244786
H11703,0.17244786
H7510,0.19787738
H7511,0.19463228
H8440,0.12215092
H12516,0.41249406
H11942,0.5076538
H12349,0.42911777
H9572,0.095123954
H10824,0.21242735
H12293,0.2611982
H7736,0.20824255
H7751,0.09960039
H12527,0.19135772
H12528,0.19881897
H945,0.2401033
H946,0.23167923
H10312,0.5967588
H10313,0.5967588
H10314,0.6061396
H10315,0.57388455
H10334,0.28021437
H11991,0.26489028
H12416,0.25808665
H10109,0.086888775
H10232,0.09073053
H10239,0.11141554
H10332,0.13321747
H10333,0.14542432
H10338,0.17573836
H10344,0.21683812
H10434,0.20997909
H10469,0.1871612
H10577,0.086888775
H10603,0.16624899
H10820,0.120877884
H10821,0.13212642
H11717,0.086888775
H7601,0.19476952
H7832,0.1572465
H7902,0.13321747
H8301,0.14988594
H885,0.09960039
H9179,0.0993315
H9180,0.08995067
H9653,0.09960039
H9970,0.27464908
H9971,0.2858418
H9972,0.25627485
H10013,0.3681604
H10033,0.28614724
H10037,0.2401033
H10069,0.19463228
H10165,0.22324948
H7735,0.3976234
H9869,0.27174005
H9870,0.2665927
H9871,0.26258972
H9874,0.26258972
H11028,0.13480403
H10704,0.29578933
H8611,0.24928519
H11534,0.14542432
H10073,0.20636913
H10074,0.20636913
H10075,0.21728313
H10429,0.24412586
H955,0.0770052
H10241,0.19098298
H10242,0.17198001
H10243,0.16907011
H8609,0.21683812
H7840,0.2401033
H10908,0.14460321
H10961,0.09210218
H10962,0.0770052
H11245,0.19963448
H11394,0.5310746
H11435,0.25105917
H117,0.210615
H122,0.18428117
H8300,0.11699726
H9889,0.19887398
H10435,0.22103083
H11150,0.19098298
H10707,0.22553526
H11427,0.58961546
H8299,0.107333034
H868,0.120877884
H983,0.14591512
H8657,0.14845635
H8658,0.14264414
H10326,0.17162661
H11988,0.23167923
H10067,0.14542432
H10916,0.2420911
H1242,0.09960039
H7900,0.2056177
H7901,0.22275376
H8661,0.09960039
H8663,0.11993263
H9449,0.18008731
H10027,0.27957848
H11563,0.23803072
H11564,0.25699413
H1239,0.095123954
H7759,0.2056177
H8656,0.09960039
H8660,0.2420911
H8449,0.13212642
H10147,0.107333034
H9409,0.111385785
H95,0.2056177
H8807,0.107333034
H8808,0.09727816
H10823,0.092115834
H12450,0.24854769
H11570,0.23463309
H92,0.23206486
H11219,0.07018678
H11220,0.075828165
H11221,0.07018678
H11404,0.111385785
H8805,0.19382618
H8452,0.14845635
H10553,0.120877884
H10554,0.13212642
H7487,0.09431265
H7488,0.08742616
H7489,0.08742616
H9420,0.27693057
H9411,0.09431265
H9421,0.13480403
H9422,0.14713159
H11798,0.11812459
H10217,0.16907011
H10674,0.12643062
H9867,0.14845635
H1185,0.09960039
H1186,0.09960039
H1199,0.2420911
H1200,0.21683812
H1201,0.21683812
H12238,0.5854623
H973,0.2420911
H975,0.40646207
H976,0.40150854
H977,0.21683812
H9257,0.1775341
H9258,0.18728302
H10779,0.09960039
H9951,0.14845635
H9952,0.16179891
H9953,0.14517869
H10950,0.17573836
H8626,0.086888775
H10629,0.095123954
H11474,0.10426014
H7745,0.19098298
H869,0.19098298
H870,0.16907011
H873,0.11812459
H8950,0.120877884
H8951,0.120877884
H979,0.22275376
H7620,0.22324948
H971,0.095123954
H972,0.092273355
H10547,0.47086433
H12350,0.14845635
H8706,0.09203406
H8152,0.120877884
H8707,0.26126713
H9410,0.13178115
H9540,0.25808665
H9541,0.28638667
H1063,0.2420911
H1064,0.23732235
H11995,0.26672113
H9478,0.09960039
H9479,0.107333034
H9787,0.17244786
H11955,0.09960039
H754,0.23463309
H11656,0.2923587
H12074,0.10426014
H12591,0.5923546
H7907,0.20206355
H9408,0.25808665
H10889,0.2420911
H1012,0.20900582
H1021,0.5689324
H1023,0.20206355
H1025,0.17573836
H1034,0.27174005
H1035,0.27174005
H1037,0.20137647
H10151,0.19787738
H10381,0.120877884
H11332,0.120877884
H12344,0.18099129
H12345,0.16278249
H845,0.17198001
H866,0.120877884
H941,0.19463228
H9520,0.09960039
H9583,0.2401033
H9584,0.2401033
H9590,0.24928519
H9666,0.23463309
H9738,0.26126713
H9802,0.14295124
H9933,0.38771415
H9940,0.16179891
H779,0.20997909
H912,0.19476952
H1075,0.09960039
H7826,0.5600912
H1081,0.14845635
H1068,0.26672113
H1072,0.14845635
H1073,0.14264414
H8288,0.15987097
H12362,0.21683812
H9628,0.14542432
H11663,0.08208794
H11865,0.1661369
H12589,0.3976234
H10885,0.19463228
H10886,0.19808814
H797,0.20206355
H11760,0.09960039
H11761,0.09960039
H11762,0.107333034
H11160,0.22324948
H11161,0.24140844
H11162,0.21874472
H7885,0.4127901
H10952,0.2420911
H1243,0.3573563
H924,0.27771443
H11588,0.22715412
H12590,0.19787738
H11499,0.09960039
H12433,0.2420911
H1067,0.40150854
H942,0.25223437
H943,0.23167923
H10292,0.21898505
H10293,0.19787738
H10294,0.19463228
H10433,0.3976234
H10675,0.13212642
H10751,0.2056177
H10752,0.20137647
H10753,0.19808814
H11481,0.2420911
H11102,0.11991159
H11047,0.4127901
H11048,0.40646207
H7687,0.3864836
H9618,0.24928519
H9619,0.24928519
H10041,0.09960039
H10042,0.107333034
H1237,0.14264414
H7599,0.115602404
H11215,0.36209467
H11315,0.4127901
H11316,0.40646207
H10920,0.17588592
H10921,0.15765665
H12050,0.26530448
H12051,0.26530448
H11624,0.24202557
H8649,0.14845635
H8650,0.14517869
H9430,0.08742616
H10009,0.21242735
H9265,0.28638667
H9268,0.25808665
H9352,0.2856262
H106,0.07795347
H107,0.08416261
H12001,0.13480403
H7606,0.1260981
H11146,0.23928529
H11147,0.22255096
H7597,0.32887286
H10874,0.253108
H10875,0.24923858
H11675,0.17244786
H9005,0.5785034
H9006,0.5456814
H9007,0.5574345
H9008,0.4122443
H9299,0.24202557
H11892,0.25808665
H9434,0.111385785
H9480,0.120877884
H9481,0.13212642
H10913,0.24202557
H11324,0.32969522
H11378,0.29240128
H11379,0.2732869
H11557,0.26530448
H7556,0.26023543
H7806,0.2611982
H8140,0.2056177
H12046,0.25699413
H12316,0.39558432
H9296,0.13178115
H9435,0.14713159
H12044,0.2611982
H12206,0.17244786
H12207,0.18747194
H12539,0.13480403
H7739,0.17244786
H9273,0.13178115
H9277,0.18747194
H9286,0.24202557
H9291,0.28638667
H9298,0.10882197
H9344,0.08742616
H12048,0.13480403
H9274,0.13480403
H9284,0.27806476
H9304,0.30764714
H11536,0.26530448
H11548,0.12900999
H11842,0.28638667
H11894,0.13480403
H12060,0.6263486
H12061,0.5946418
H12230,0.25699413
H901,0.12900999
H902,0.12900999
H903,0.1260981
H9318,0.08742616
H9319,0.09210218
H9400,0.111385785
H10739,0.24978216
H11089,0.45335445
H11117,0.28785396
H11226,0.30572954
H11502,0.16117327
H11603,0.20444071
H11869,0.28785396
H12022,0.12003891
H12304,0.28338543
H12306,0.27810165
H7642,0.28338543
H7754,0.16474244
H7755,0.16117327
H7756,0.1601749
H7813,0.46899188
H8671,0.42225546
H9020,0.26621473
H9269,0.28338543
H9270,0.28338543
H9303,0.28251973
H11325,0.28638667
H11326,0.28638667
H11340,0.17952228
H11455,0.111385785
H11456,0.111385785
H11908,0.2878907
H11909,0.30764714
H11983,0.60206944
H7848,0.3215581
H7849,0.26530448
H7850,0.2856262
H864,0.2056177
H865,0.22275376
H8795,0.2056177
H8998,0.42911777
H9275,0.24202557
H9278,0.25808665
H11593,0.110012926
H11594,0.11844765
H12196,0.25337604
H12197,0.24845782
H7671,0.42265943
H9287,0.16738577
H10933,0.19404756
H11350,0.19983453
H11884,0.15255792
H11885,0.14826824
H11886,0.19404756
H11893,0.23306301
H11952,0.253108
H11953,0.24923858
H12045,0.30764714
H8999,0.20188713
H9000,0.18712486
H1019,0.2611982
H10872,0.13480403
H10873,0.13093643
H10922,0.14089398
H11439,0.111385785
H11558,0.111385785
H11730,0.18747194
H7529,0.30764714
H7539,0.23803072
H7544,0.24275498
H8995,0.25627485
H9282,0.111385785
H9289,0.11991159
H9321,0.16874547
H9342,0.12900999
H9343,0.1260981
H11907,0.23331724
H8683,0.17573836
H8684,0.17573836
H918,0.17244786
H9280,0.111385785
H9301,0.20064117
H11443,0.25808665
H11605,0.111385785
H11606,0.111385785
H11941,0.42911777
H12102,0.09960039
H12136,0.18747194
H12412,0.17244786
H9001,0.29895198
H9288,0.111385785
H9290,0.20824255
H9292,0.24202557
H10057,0.086888775
H10058,0.086888775
H10145,0.08208794
H10378,0.20206355
H10379,0.19463228
H1096,0.22874741
H1097,0.24721123
H11495,0.24412586
H11496,0.25451115
H11497,0.22715412
H12307,0.5967588
H10430,0.20396109
H10431,0.45335445
H10432,0.3039767
H10450,0.15450725
H10464,0.16013232
H10541,0.46899188
H10609,0.16874547
H10628,0.2714137
H8632,0.07795347
H10656,0.09210218
H1095,0.14050472
H12333,0.14845635
H12334,0.14845635
H12335,0.16179891
H852,0.20484023
H853,0.2140275
H10459,0.38309282
H9967,0.08572465
H7520,0.20824255
H7521,0.24140844
H7522,0.21874472
H10830,0.08416261
H9361,0.111385785
H7880,0.111385785
H9052,0.08408133
H9053,0.107333034
H9054,0.10426014
H9807,0.14845635
H11547,0.12215092
H12262,0.20206355
H12263,0.20206355
H9966,0.2056177
H9405,0.08483499
H9050,0.08216846
H9051,0.07795347
H11049,0.08742616
H9314,0.13480403
H8677,0.07018678
H8670,0.08416261
H8667,0.12643062
H8678,0.107333034
H9351,0.29948705
H9398,0.13606618
H9424,0.45335445
H8993,0.4260051
H8994,0.3898543
H9395,0.11398292
H9396,0.101678565
H10246,0.24520923
H10247,0.24520923
H10248,0.25562504
H9308,0.28638667
H8680,0.107333034
H8681,0.09727816
H8682,0.09960039
H9377,0.08408133
H9378,0.09073053
H12363,0.09960039
H11747,0.17244786
H11748,0.18747194
H11113,0.09960039
H9012,0.29895198
H9310,0.17244786
H10176,0.111642376
H11949,0.11405072
H7720,0.10882197
H11321,0.086888775
H9359,0.14713159
H8665,0.07795347
H9374,0.20997909
H9375,0.22103083
H9376,0.19476952
H10416,0.21683812
H10417,0.21242735
H10418,0.20900582
H10085,0.19098298
H10204,0.09960039
H10265,0.21683812
H10413,0.12109493
H10426,0.17408434
H10503,0.120877884
H10507,0.19787738
H7532,0.3976234
H7654,0.075828165
H11658,0.26672113
H11659,0.25767982
H11181,0.09960039
H11210,0.16179891
H1217,0.14845635
H11804,0.38309282
H10193,0.07795347
H10194,0.07795347
H10280,0.13321747
H10281,0.13321747
H10474,0.3681604
H10658,0.120877884
H10894,0.5994826
H10895,0.5931837
H11082,0.17198001
H11083,0.16907011
H11327,0.16907011
H11452,0.3573563
H11584,0.16179891
H11590,0.08416261
H11873,0.11295389
H12368,0.086888775
H7531,0.19098298
H7982,0.154366
H7988,0.09203406
H7991,0.21242735
H7992,0.20900582
H11626,0.09960039
H7921,0.16013232
H12126,0.36302495
H12127,0.33397028
H7497,0.22965735
H12124,0.20824255
H12125,0.22553526
H7964,0.12643062
H11523,0.07819959
H9792,0.1604501
H10662,0.11332547
H10663,0.12034989
H10036,0.20206355
H10122,0.21683812
H10358,0.3119939
H10377,0.36209467
H10620,0.09203406
H10677,0.23732235
H12237,0.3864836
H7649,0.437679
H7651,0.3976234
H7663,0.107333034
H9772,0.13321747
H9773,0.13022481
H10115,0.3119939
H10392,0.1871612
H10393,0.20315248
H10463,0.25767982
H11063,0.24202557
H11809,0.20555116
H12056,0.18747194
H12057,0.16874547
H8383,0.07795347
H7839,0.08416261
H10697,0.19098298
H10698,0.17198001
H10970,0.0770052
H11003,0.5628042
H11433,0.17573836
H7812,0.59495634
H8385,0.086888775
H7886,0.08742616
H7887,0.09210218
H7888,0.09431265
H9829,0.11509764
H9859,0.13022481
H10827,0.08216846
H10355,0.12791225
H9643,0.1871612
H9644,0.1871612
H10177,0.5718746
H11417,0.086888775
H11419,0.086888775
H12047,0.6079402
H9712,0.39215553
H11478,0.111385785
H7644,0.07795347
H7980,0.16907011
H11095,0.15606523
H11096,0.16995516
H11097,0.1526497
H12112,0.39640206
H8281,0.08242669
H8282,0.08442653
H10212,0.095123954
H10286,0.2420911
H10302,0.3976234
H10356,0.4514436
H10357,0.41497505
H7883,0.16907011
H8169,0.17198001
H7908,0.60980463
H7909,0.58918923
H10157,0.3681604
H11165,0.09727816
H11166,0.09960039
H11709,0.17573836
H11710,0.16907011
H11776,0.13321747
H7590,0.17573836
H7864,0.17573836
H9865,0.16638021
H9866,0.2420911
H10369,0.11782581
H7983,0.09960039
H7984,0.14845635
H7985,0.08216846
H7986,0.08416261
H7990,0.3898543
H7993,0.11812459
H7994,0.3898543
H10065,0.14845635
H10066,0.14517869
H11127,0.16874547
H7543,0.586021
H7981,0.3976234
H9849,0.3864836
H12581,0.08416261
H10116,0.20484023
H10290,0.16179891
H10295,0.41249406
H10723,0.07795347
H10949,0.20824255
H11228,0.07795347
H11249,0.14845635
H11267,0.09960039
H11468,0.21524924
H11903,0.124903366
H11950,0.21683812
H123,0.2056177
H124,0.120877884
H12415,0.26126713
H12430,0.12267198
H1246,0.19382618
H125,0.08216846
H7711,0.111385785
H7712,0.111385785
H7814,0.14845635
H7815,0.14517869
H7868,0.17244786
H7946,0.18747194
H7947,0.12900999
H7948,0.12900999
H7950,0.17244786
H7951,0.17244786
H7952,0.13480403
H7953,0.111385785
H7955,0.111385785
H7958,0.08742616
H7961,0.2611982
H7963,0.13480403
H8384,0.09960039
H9702,0.1400921
H9848,0.17282492
H10360,0.09960039
H10771,0.1775341
H11110,0.07795347
H11684,0.20824255
H12106,0.5600912
H7677,0.21683812
H7678,0.23463309
H10352,0.13321747
H10353,0.13321747
H11072,0.17573836
H9725,0.115602404
H10935,0.46248078
H9049,0.07795347
H11115,0.10882197
H9907,0.23361874
H12490,0.28638667
H12599,0.30553576
H10647,0.09727816
H10182,0.16179891
H10186,0.08216846
H10187,0.08416261
H10210,0.23361874
H10420,0.20206355
H9757,0.2056177
H9758,0.2056177
H10062,0.16907011
H9752,0.15380983
H9776,0.21242735
H9793,0.5994826
H9794,0.61982524
H119,0.11993263
H862,0.23167923
H11235,0.3976234
H10737,0.17573836
H10900,0.23167923
H11248,0.21683812
H1159,0.5618754
H1160,0.58279884
H1166,0.086522765
H1167,0.22324948
H1171,0.15572745
H1174,0.104773015
H1175,0.17573836
H1177,0.20315248
H1180,0.0821044
H1181,0.0821044
H1182,0.0821044
H1184,0.104773015
H1187,0.15572745
H1188,0.138728
H11887,0.2420911
H1189,0.15572745
H1190,0.15231797
H1193,0.19098298
H1194,0.104773015
H1195,0.08861241
H1196,0.15572745
H11965,0.23284583
H1197,0.5994826
H1198,0.61982524
H1203,0.1269997
H1205,0.3976234
H1206,0.3976234
H1207,0.21683812
H1208,0.21683812
H1209,0.104773015
H1210,0.104773015
H765,0.18944587
H803,0.17573836
H835,0.0821044
H837,0.2056177
H838,0.2056177
H839,0.16959335
H840,0.1496806
H861,0.104773015
H875,0.2665927
H900,0.15231797
H907,0.0821044
H929,0.104773015
H922,0.14845635
H10777,0.20900582
H11076,0.13783064
H11077,0.11993263
H11833,0.11812459
H11834,0.11735557
H12017,0.14542432
H1233,0.120877884
H1235,0.151837
H1236,0.1400921
H914,0.17573836
H9178,0.25808665
H939,0.20206355
H940,0.21898505
H1247,0.09960039
H7789,0.19098298
H7790,0.16907011
H10993,0.10426014
H10077,0.15606523
H10173,0.17244786
H11999,0.16907011
H11632,0.11812459
H9828,0.11812459
H9820,0.111642376
H10031,0.17573836
H10032,0.19098298
H10053,0.14517869
H10156,0.2056177
H10162,0.14517869
H10253,0.20997909
H10254,0.2023305
H10266,0.23463309
H10348,0.2420911
H10349,0.21898505
H10350,0.19787738
H10384,0.2420911
H10389,0.16179891
H10419,0.40646207
H10532,0.21683812
H10586,0.5692319
H10633,0.3681604
H10651,0.3681604
H10754,0.19733208
H10804,0.14845635
H12008,0.23732235
H12043,0.40150854
H1215,0.120877884
H805,0.13178685
H834,0.100906566
H9578,0.20206355
H9703,0.20900582
H9726,0.09727816
H9831,0.151837
H9915,0.16624899
H10148,0.3976234
H10274,0.20900582
H10423,0.20206355
H10366,0.61982524
H10678,0.09960039
H9962,0.3839107
H9346,0.23463309
H9347,0.21242735
H10758,0.20824255
H11106,0.07795347
H11277,0.19808814
H9345,0.08742616
H7781,0.086888775
H7782,0.09373727
H7783,0.086888775
H8673,0.09727816
H8674,0.09960039
H9403,0.111385785
H10783,0.086888775
H10784,0.086888775
H9067,0.09960039
H9066,0.08216846
H9013,0.18944587
H9014,0.17282492
H11674,0.15566875
H10705,0.14713159
H10803,0.16907011
H11191,0.24202557
H11922,0.20137647
H7551,0.086888775
H7721,0.08216846
H9009,0.07795347
H11897,0.13480403
H9285,0.20824255
H11365,0.28638667
H7936,0.120877884
H7740,0.07795347
H11091,0.086888775
H10825,0.08742616
H10826,0.09210218
H7586,0.13093643
H8651,0.08216846
H7585,0.14713159
H7667,0.23331724
H7799,0.14924464
H7800,0.15400828
H10788,0.3263544
H9371,0.24202557
H9372,0.2611982
H8987,0.074015535
H8988,0.075828165
H11054,0.14089398
H11868,0.20824255
H10855,0.14713159
H10902,0.14517869
H11592,0.10882197
H7696,0.27806476
H9162,0.24202557
H11870,0.38681817
H12413,0.5718746
H7582,0.17573836
H1257,0.11735557
H11007,0.14713159
H12190,0.14713159
H9003,0.27464908
H11640,0.5600912
H11896,0.25699413
H7892,0.08742616
H9427,0.3215581
H10876,0.14713159
H10915,0.13480403
H10973,0.08742616
H7726,0.092115834
H7727,0.08995067
H10640,0.23167923
H11200,0.3155424
H7768,0.27806476
H9293,0.10259112
H9294,0.092934206
H9297,0.2611982
H9369,0.11991159
H9370,0.10882197
H11876,0.20824255
H9401,0.111385785
H10711,0.2758185
H11917,0.17198001
H7999,0.09960039
H7583,0.4127901
H7584,0.437679
H12209,0.20824255
H10228,0.12109493
H10229,0.12617828
H11510,0.08216846
H9426,0.35085025
H10688,0.4127901
H11661,0.07795347
H8008,0.36209467
H8009,0.16179891
H8005,0.07795347
H11669,0.11361942
H11693,0.09960039
H11817,0.3976234
H12343,0.23803072
H9300,0.20824255
H9323,0.16874547
H9373,0.16874547
H9391,0.20824255
H9364,0.111385785
H9366,0.10882197
H9367,0.111385785
H11440,0.17960927
H7575,0.074015535
H9338,0.13480403
H11311,0.11991159
H11726,0.08742616
H11904,0.17244786
H11905,0.17244786
H12118,0.24202557
H9302,0.111385785
H9317,0.17244786
H9466,0.13480403
H9313,0.111385785
H8666,0.14845635
H1117,0.07819959
H11866,0.09727816
H9305,0.111385785
H8006,0.120877884
H799,0.20064117
H9017,0.09960039
H10799,0.13093643
H9362,0.111385785
H10191,0.07795347
H9555,0.120877884
H12121,0.111385785
H12122,0.111385785
H10763,0.09210218
H11218,0.16013232
H11715,0.46899188
H9381,0.111385785
H12486,0.07795347
H10769,0.111385785
H10770,0.11991159
H11765,0.111385785
H11766,0.10882197
H9332,0.36295465
H11273,0.11991159
H12544,0.08742616
H11345,0.3681604
H10835,0.22416374
H9334,0.31758147
H7676,0.24275498
H806,0.120877884
H807,0.11812459
H9024,0.17198001
H9327,0.13480403
H9328,0.22553526
H9330,0.20396109
H9331,0.17081183
H9335,0.16874547
H11888,0.26530448
H7728,0.09960039
H12339,0.21683812
H12553,0.08442653
H9392,0.111385785
H10946,0.10882197
H9311,0.17244786
H9312,0.18747194
H8138,0.12643062
H9266,0.1376677
H9267,0.14924464
H12191,0.14713159
H9262,0.18747194
H9348,0.20824255
H9349,0.22553526
H9397,0.111385785
H8003,0.14264414
H1114,0.07795347
H11979,0.42265943
H9264,0.11812459
H9453,0.11991159
H9459,0.14264414
H11356,0.08742616
H11093,0.20824255
H7579,0.10409373
H8990,0.115602404
H11437,0.120877884
H11614,0.09210218
H8652,0.08408133
H10095,0.24412586
H10102,0.24412586
H10259,0.39886636
H10309,0.25767982
H10455,0.27464908
H10525,0.27464908
H10526,0.27464908
H10527,0.2858418
H10528,0.25627485
H10529,0.25627485
H10878,0.24140844
H10879,0.2420911
H10880,0.2420911
H11098,0.61982524
H11168,0.3864836
H11430,0.2420911
H11577,0.26543638
H11994,0.4127901
H12004,0.4260051
H12132,0.22324948
H12484,0.5692319
H12499,0.38771415
H7618,0.2056177
H7634,0.22715412
H7635,0.21683812
H7636,0.20900582
H8354,0.26672113
H8355,0.27771443
H8356,0.24869536
H8357,0.25767982
H8358,0.21898505
H8359,0.2420911
H8360,0.23361874
H8361,0.22715412
H8362,0.23732235
H8363,0.4260051
H8364,0.22715412
H8369,0.49566415
H8370,0.40121508
H8373,0.16638021
H8375,0.22324948
H8377,0.14845635
H8379,0.14264414
H8380,0.40121508
H8381,0.20484023
H9768,0.4127901
H10676,0.120877884
H9903,0.14295124
H9904,0.13178685
H9908,0.154366
H9909,0.15098101
H8371,0.09960039
H9833,0.092273355
H10026,0.11812459
H11307,0.3976234
H11450,0.13888739
H12080,0.4127901
H12129,0.42911777
H8171,0.2420911
H8172,0.2420911
H8174,0.437679
H8177,0.09727816
H8178,0.26126713
H8179,0.23463309
H8180,0.39215553
H8181,0.27174005
H8182,0.23732235
H8183,0.3976234
H8184,0.39137292
H8185,0.21683812
H8186,0.4127901
H8187,0.40150854
H8191,0.20206355
H8192,0.23463309
H8193,0.20900582
H8194,0.2056177
H8195,0.20206355
H8199,0.4122443
H8200,0.38771415
H8202,0.27957848
H8203,0.19808814
H8204,0.20206355
H8205,0.19463228
H8206,0.20206355
H8208,0.23666182
H8210,0.3681604
H8211,0.21683812
H8213,0.20900582
H8215,0.20137647
H8216,0.22275376
H8217,0.23463309
H8218,0.11735557
H8219,0.24928519
H8221,0.14517869
H8222,0.23361874
H8223,0.40646207
H8224,0.40150854
H8225,0.27174005
H8228,0.19787738
H8229,0.2056177
H8230,0.19808814
H8232,0.3976234
H8233,0.21874472
H8234,0.21524924
H8235,0.19808814
H8238,0.23732235
H8239,0.22324948
H8240,0.21898505
H8241,0.19787738
H8246,0.27174005
H8248,0.2420911
H8249,0.2420911
H8250,0.4127901
H8253,0.2420911
H8255,0.22324948
H8256,0.21874472
H8260,0.2858418
H8261,0.25627485
H8262,0.2056177
H8264,0.17573836
H8268,0.22275376
H8269,0.23463309
H8270,0.08416261
H8271,0.07795347
H8272,0.07795347
H8273,0.20206355
H8283,0.21898505
H8196,0.09727816
H8226,0.21898505
H8236,0.22275376
H8237,0.20137647
H8266,0.26126713
H8278,0.2420911
H8280,0.39215553
H8214,0.20206355
H8263,0.2056177
H11121,0.22324948
H8243,0.17573836
H8244,0.19382618
H8245,0.19382618
H10502,0.20206355
H10716,0.20206355
H10718,0.19463228
H11182,0.20206355
H11333,0.20206355
H11416,0.20206355
H11568,0.20206355
H11582,0.20206355
H11583,0.19787738
H11720,0.20206355
H11721,0.20206355
H12408,0.20206355
H9021,0.20206355
